Animals,2021 (heads)
Hogs,6932292.0
Sheep,75517.0
Goat,5757.0
Calves,152974.025974026
Cattle,43302.4118738404
Chicken,185710042.0
Turkey,3430198.01
Rabbit,90167.0
