Turkey,Head,Kg
2021,3430198.01,31057358.866
2020,3591166.394817,34482745.430098
