Animals,2021
Cattle,372.841743538703
Hogs,112.639975794271
Calves,161.476391226609
Sheep,19.7
Goat,14.19
Rabbit,1.25
Chicken,1.710515662906371
Turkey,6.971657687720484
